index,A,B,C,D
CII8CZHMn0,0.03860068309138601,-0.32030165160433066,0.598269407677485,0.8728197272515089
00B8zuap5P,1.9664829966588353,0.26904768199342577,-0.7477282678807902,-1.2542126047300894
X8ezsJ4vZU,-0.8280807825282422,-0.22388027133088062,0.7416826579949621,1.6107945135907735
A5BKqhns6R,-0.19121723379021485,-1.3767540310231614,0.03793598498680811,3.473285878923903
31fv8kYpgQ,-2.449214901795965,0.86827451473511,0.5809820689187652,-0.8600047486849149
